YEARS,OFFGUIDE,SENTTCAP,LOSS1,NEWEDUC
4,17,13,NA,1
7,21,40,NA,6
6,25,15,NA,3
5,10,235,NA,3
2,13,21,NA,1
3,13,37,NA,3
7,10,6,NA,5
2,13,13,NA,1
4,10,0.03,NA,1
6,17,24,NA,1
3,16,18.49,42951,6
5,17,0.33,NA,1
7,10,188,NA,5
4,10,12.03,NA,5
2,16,NA,9999999997,3
4,22,300,NA,3
2,13,46,NA,1
3,17,3.91,NA,1
2,13,37,NA,3
3,16,NA,8500,3
4,10,27,NA,1
6,13,24,NA,5
5,17,3.38,NA,1
2,17,9,NA,1
4,17,4.83,NA,1
4,17,3,NA,1
7,10,135,NA,1
2,10,144,NA,3
5,17,18,NA,1
4,17,18,NA,1
6,4,84,NA,3
5,27,120,NA,5
3,13,48,NA,3
4,17,3.65,NA,1
6,17,2.99,NA,1
7,26,151,1145,3
2,17,3.84,NA,1
3,21,NA,NA,6
1,17,5.45,NA,1
4,16,NA,23172,3
5,13,77,NA,3
6,17,6,NA,1
7,17,13,NA,1
2,13,37,NA,1
6,10,94,NA,1
5,10,132,NA,3
6,17,24,NA,3
5,17,6,NA,1
6,10,230,NA,5
3,10,140,NA,5
4,17,10,NA,1
7,13,NA,NA,1
6,17,2.92,NA,1
3,17,5.88,NA,1
5,17,12.03,NA,1
3,10,46,NA,1
4,16,NA,960,3
5,16,NA,960,5
4,10,60,NA,1
6,13,36,NA,3
6,17,7.65,NA,1
3,10,60,NA,1
3,1,210,NA,3
2,30,NA,NA,NA
4,17,21,NA,NA
4,13,80,NA,1
3,13,37,NA,1
6,10,12.03,NA,5
3,13,70,NA,1
7,10,70,NA,1
5,17,NA,NA,3
3,17,12.03,NA,1
5,13,84,NA,5
3,10,135,NA,5
2,10,15,NA,1
6,17,3.69,NA,1
5,10,34,NA,1
4,10,24,NA,1
6,30,NA,NA,6
4,17,48,NA,6
6,27,240,NA,5
2,10,30,NA,1
3,17,15,NA,5
7,17,7,NA,1
3,13,51,NA,1
7,17,3.49,NA,1
5,17,21,NA,1
6,17,0.3,NA,6
6,17,12.03,NA,1
5,13,78,NA,5
6,17,0.03,NA,NA
2,17,3.92,NA,1
6,26,51,NA,5
3,10,211,NA,1
6,7,180,NA,6
3,10,60,NA,3
3,17,6.41,NA,1
6,16,0.03,9999999997,3
2,17,NA,NA,3
4,10,32,NA,1
5,17,15,NA,1
7,10,42,451328,6
6,17,0.03,NA,NA
2,17,13.03,NA,1
6,13,264,NA,3
3,13,57,NA,3
2,16,NA,NA,NA
5,10,84,NA,5
3,26,60,47,NA
4,10,36,NA,1
6,17,18,NA,1
6,10,240,NA,3
6,27,24,NA,1
7,17,18,NA,3
6,4,24.54,NA,3
5,17,6,NA,1
6,13,33,NA,3
2,17,0.03,NA,NA
4,17,2.62,NA,1
6,17,30,NA,1
2,16,NA,NA,NA
6,17,4.59,NA,1
6,17,12.03,NA,1
6,17,6,NA,3
4,10,130,NA,1
6,13,168,NA,1
2,17,12.03,NA,1
5,10,96,NA,3
7,10,54,NA,1
5,13,102,NA,5
6,16,1.28,9999999997,6
2,17,37,NA,3
5,10,140,NA,3
6,27,360,NA,1
4,7,48,NA,3
3,13,0.03,NA,3
6,17,8,NA,1
5,10,96,NA,3
3,17,8,NA,3
6,10,NA,NA,1
4,10,100,NA,3
6,10,60,NA,1
7,10,121,NA,3
4,22,77.72,NA,1
1,4,NA,NA,1
1,10,108,NA,1
5,17,15,NA,1
6,21,24.49,20737,1
2,17,30,NA,1
1,17,NA,NA,1
5,16,18,200000,6
6,17,2.85,NA,1
3,10,30,NA,1
6,10,46,NA,1
2,13,39,NA,3
3,10,6.64,NA,6
6,16,12.03,2766218,3
7,16,6,8347,5
3,16,NA,9999999997,5
6,19,60,NA,5
4,17,6,NA,1
4,7,120,0,3
1,10,10.62,NA,1
7,7,144,NA,6
7,10,12.03,NA,1
4,10,72,NA,3
6,17,24,NA,3
3,16,12.03,44187,3
4,16,NA,9999999997,3
4,10,70,NA,1
7,29,15,381418,5
5,10,135,NA,1
3,13,207,NA,5
1,17,8,NA,3
6,17,10,NA,1
6,12,0.03,1563800,1
6,10,135,NA,1
6,10,70,NA,3
7,17,3.35,NA,1
6,10,100,NA,1
4,16,240,21500000,5
4,10,10,NA,1
7,13,16,NA,3
6,13,120,NA,3
6,17,3.98,NA,1
2,17,4.53,NA,1
6,17,51,NA,1
4,10,21,NA,3
3,17,46,NA,1
5,10,85,NA,5
6,10,30,NA,1
6,17,4.96,NA,1
7,10,72,NA,3
5,10,0.03,NA,1
4,16,24,NA,5
6,17,2.17,NA,1
6,10,262,NA,3
6,4,51,NA,3
6,17,1.91,NA,NA
3,17,1.81,NA,1
7,17,3.42,NA,1
3,16,21,34890,3
2,10,26,NA,1
4,10,120,NA,5
6,10,45,NA,1
6,27,420,NA,1
6,13,12.03,NA,1
4,10,25,NA,5
6,10,100,NA,1
6,13,21,NA,3
5,16,65,339768,5
5,10,77,NA,3
6,17,14,NA,1
6,21,24,NA,3
2,10,78,NA,3
7,16,37,358855,6
5,13,63,NA,1
6,3,60,9999999997,5
4,10,120,NA,5
4,10,12.03,NA,1
5,13,24,25750,3
4,10,0.13,NA,3
2,13,12.03,NA,3
6,3,8,NA,3
6,10,12,NA,5
3,10,60,NA,3
7,16,NA,366501,6
6,16,24.03,29000,3
3,10,180,NA,1
3,17,10,NA,1
7,10,90,NA,5
5,10,60,NA,6
6,17,6,NA,1
2,17,0.33,NA,3
5,13,79,NA,3
6,17,10,NA,1
2,16,NA,8000,5
6,22,264,NA,3
6,17,40,NA,1
5,16,NA,313700,6
3,10,24,NA,1
6,17,5.26,NA,1
3,13,20,NA,1
4,26,174,9999999997,1
3,17,16,NA,1
7,17,9,NA,NA
3,17,18,NA,3
7,17,33,NA,5
4,10,110,NA,5
1,10,24,NA,5
7,13,72,NA,3
3,17,36.76,NA,3
2,16,8,28000,3
2,10,0.03,NA,3
7,13,12.03,NA,5
5,17,12.03,NA,1
3,13,77,NA,1
6,13,46,NA,1
3,22,235,NA,1
4,27,420,NA,1
3,4,NA,NA,3
5,17,2.96,NA,NA
6,13,72,NA,5
3,17,8,NA,1
6,13,21,NA,1
5,17,6.83,NA,1
6,13,70,NA,5
5,16,NA,313700,6
2,10,12.03,NA,1
5,21,96,NA,1
7,16,0.03,253200,1
4,13,9.39,NA,5
5,17,18,NA,1
3,17,22,NA,1
4,1,6,NA,3
5,10,120,NA,5
4,10,0.1,NA,3
7,7,72,NA,5
6,10,70,NA,3
6,16,15,22810,5
4,10,98,NA,3
5,29,12.03,22298,5
5,17,2.62,NA,1
6,16,0.03,164000,1
7,21,0.03,NA,1
7,27,121,NA,3
2,10,121,NA,5
7,26,NA,0,3
6,17,5,NA,1
6,7,70,NA,5
6,17,24,NA,3
4,13,57,NA,5
4,10,120,NA,1
6,17,21,NA,3
1,10,14,NA,1
5,10,45,NA,3
4,7,120,NA,3
5,10,80,NA,3
7,10,120,NA,3
5,16,30,9999999997,6
5,17,15,NA,1
5,10,96,NA,1
1,17,12.03,NA,3
4,10,108,NA,6
6,10,200,NA,5
6,16,0.03,9999999997,5
1,26,132,300,1
3,4,60,NA,3
6,27,240,NA,5
3,22,314.26,NA,3
4,10,120,NA,1
6,17,10,NA,1
7,17,0.03,NA,NA
3,17,15,NA,1
6,13,120,NA,3
4,21,NA,9999999997,3
5,17,12.03,NA,1
2,26,27,9999999997,5
7,16,132,244031132,3
4,13,63,NA,3
1,17,15,NA,1
7,1,NA,NA,6
4,17,4.72,NA,1
6,16,NA,157302,5
6,17,10,NA,5
5,17,8,NA,1
4,10,46,NA,5
1,17,5.3,NA,1
7,16,NA,31876,3
6,16,18,99181,6
7,17,40,NA,1
4,17,12.03,NA,3
3,27,72,NA,1
3,10,57,NA,3
3,10,12.03,NA,5
4,17,5.16,NA,1
3,17,30,NA,3
5,17,2.69,NA,1
5,17,6,NA,5
5,10,240,NA,3
4,17,15,NA,1
3,13,13.26,NA,1
4,17,8,NA,1
4,10,84,NA,1
2,30,0.49,NA,NA
5,10,46,NA,1
4,17,15,NA,1
4,17,12.03,NA,3
3,30,NA,NA,NA
7,5,0.03,9999999997,3
7,21,29,500000,1
3,30,NA,NA,NA
7,29,18,9999999997,6
3,13,46,NA,3
6,10,96,NA,5
7,10,92,NA,3
1,30,NA,NA,NA
4,21,47,500000,1
6,10,120,NA,3
4,10,180,NA,3
2,17,4.76,NA,1
2,30,2.96,NA,NA
3,17,6,NA,1
5,10,71,NA,3
6,17,5.16,NA,1
4,10,120,NA,1
6,21,21,500000,1
6,10,0.03,NA,6
2,17,6.18,NA,1
6,10,200,NA,1
5,17,0.03,NA,NA
6,17,21,NA,1
4,1,14,NA,3
6,23,30,NA,5
3,23,30,NA,1
2,10,12.89,NA,3
4,10,144,NA,3
3,13,18,NA,3
7,17,12.03,NA,1
7,7,240,NA,5
4,27,240,NA,5
4,10,132,NA,1
7,10,262,NA,3
3,13,27,NA,1
6,10,10.36,NA,1
2,13,72,NA,3
6,17,8,NA,1
5,16,4.93,0,1
6,10,80,NA,5
4,17,18,NA,1
6,7,108,NA,6
6,17,13.03,NA,1
7,10,90,NA,1
4,10,87,NA,1
4,17,18,NA,1
3,17,10,NA,1
2,13,6.03,NA,1
6,10,0.03,NA,1
5,17,3.23,NA,NA
6,21,100,NA,1
3,16,24,1037917,5
5,28,120,NA,3
2,4,96,NA,3
2,13,48,NA,1
5,30,NA,NA,NA
2,13,14.3,NA,1
7,10,78,NA,3
4,13,57,NA,3
5,17,0.03,NA,NA
2,10,NA,NA,3
3,13,60,NA,1
4,27,13,NA,3
6,10,77,NA,3
4,25,30,NA,3
5,27,140,NA,1
3,13,40,NA,1
4,13,46,NA,5
5,10,92,NA,3
6,17,9.85,NA,1
3,10,0.23,NA,5
3,17,NA,NA,5
6,4,200,NA,3
6,17,4.85,NA,1
2,27,156,NA,5
5,17,6,NA,1
6,17,24,NA,1
3,10,87,NA,3
6,13,48,NA,3
4,26,10,230,3
6,10,126,NA,5
7,13,24,NA,5
6,16,48,745000,5
6,13,77,NA,1
6,16,24,NA,3
2,10,0.23,NA,1
4,3,60,NA,3
4,17,10,NA,3
4,10,46,NA,1
3,4,24,NA,3
2,26,84,9999999997,3
4,17,NA,NA,1
5,21,102,NA,3
7,13,20,NA,1
5,10,24,NA,1
4,10,0.03,NA,1
6,20,70,NA,1
4,10,51,NA,3
6,10,100,NA,1
1,10,72,NA,3
5,13,70,NA,3
3,16,4,0,1
6,10,210,NA,1
4,10,168,NA,3
6,17,8,NA,1
6,17,12.03,NA,1
3,26,168,6215,1
5,10,12.03,NA,5
7,16,42,4200585,1
6,10,30,NA,5
4,13,60,NA,3
6,13,36,NA,3
3,13,96,NA,1
3,13,63,NA,3
3,17,8,NA,1
5,10,65,NA,1
6,17,2.59,NA,1
2,30,NA,NA,NA
7,10,72,NA,1
5,17,4.95,NA,1
2,13,27,NA,1
1,30,NA,NA,NA
6,13,15,NA,3
1,10,36,NA,3
5,10,120,NA,5
2,10,72,NA,1
5,13,63,NA,3
2,17,9.33,NA,3
5,17,15,NA,1
4,17,NA,NA,1
3,17,0.03,NA,NA
3,7,20,NA,5
2,17,7.46,NA,1
4,10,228,NA,1
6,17,16,NA,1
5,17,2.92,NA,5
3,9,NA,NA,NA
6,29,12.03,183303,5
5,13,60,NA,3
5,16,NA,94475,6
4,15,5.33,9999999997,5
4,10,60,NA,1
4,1,27,NA,3
3,10,23,NA,3
6,9,NA,NA,NA
5,13,78,NA,5
5,10,120,NA,1
5,10,76,NA,3
4,10,18,NA,1
3,10,43,NA,1
5,10,86,NA,6
6,10,7.49,NA,5
5,10,36,NA,3
2,13,25,NA,3
3,17,22,NA,3
3,4,41,NA,1
3,17,0.03,NA,NA
4,10,158,NA,3
6,10,60,NA,1
7,17,24,NA,3
6,10,84,NA,3
7,17,2.92,NA,1
3,17,12.03,NA,1
6,10,360,NA,3
4,13,72,NA,3
6,10,195,NA,5
5,13,51,NA,5
6,10,10.38,NA,5
4,16,9,583887,1
3,17,30,NA,1
6,17,32,NA,6
7,10,210,NA,1
4,10,64,NA,3
3,10,172,NA,3
5,17,15,NA,3
7,13,24,NA,1
7,10,72,NA,3
6,10,60,NA,6
4,13,180,NA,3
4,17,4,NA,5
3,10,41,NA,1
4,17,NA,NA,3
3,10,84,NA,3
4,10,52,NA,3
4,17,10,NA,1
3,13,NA,NA,3
7,17,5,NA,NA
5,13,105,NA,3
5,16,37,22516,3
7,30,NA,NA,NA
7,30,NA,NA,5
6,7,96,NA,3
4,10,87,NA,1
5,13,92,NA,1
7,17,25,NA,NA
3,13,41,NA,3
7,17,12.03,NA,3
6,10,51,NA,3
3,27,60,NA,3
6,17,41,NA,3
2,13,42,NA,3
4,10,136,NA,3
3,13,78,NA,1
5,17,0.03,NA,NA
7,26,194,200,5
2,17,13.03,NA,3
2,13,40,NA,1
1,17,16,NA,1
3,13,60,NA,1
5,10,151,NA,3
5,16,0.03,10903,5
5,13,60,NA,3
4,13,60,NA,1
5,24,18,NA,3
6,17,12,NA,5
2,13,0.1,NA,1
6,10,84,NA,3
4,17,27,NA,1
4,17,12.03,NA,1
6,17,24,NA,1
7,16,55,2239187,3
1,17,6,NA,5
2,10,21,NA,1
4,10,63,NA,1
4,17,16,NA,3
4,10,70,NA,1
2,10,53,NA,1
4,13,106,NA,1
4,10,0.03,NA,1
5,17,12.03,NA,1
3,10,90,NA,3
6,10,4,NA,1
2,10,96,NA,1
6,10,24,NA,3
7,10,120,NA,3
6,10,235,NA,3
3,1,7.85,NA,1
5,10,210,NA,5
5,16,18,1573265,5
5,17,2.14,NA,1
6,10,48,NA,5
5,16,24,NA,5
2,13,20,NA,1
6,10,60,NA,1
7,16,33,665600,3
7,17,3.22,NA,1
3,16,9.62,12506,3
7,17,NA,NA,3
7,16,14,284160,3
4,17,6,NA,1
6,13,114,NA,1
5,10,54,NA,6
6,13,27,NA,3
3,19,48,NA,5
4,22,168,NA,1
6,16,30,7520779,6
5,27,180,NA,6
5,13,57,NA,5
5,13,46,NA,5
5,17,12,NA,1
7,16,NA,75502,5
6,17,4.13,NA,1
4,17,3.91,NA,1
6,17,0.03,NA,NA
2,13,NA,NA,1
6,10,300,NA,5
2,27,60,NA,3
4,13,36,NA,3
5,10,84,NA,1
4,10,211,NA,3
3,4,37,NA,3
3,17,4.13,NA,1
3,17,6.23,NA,5
1,26,100,1965,1
6,7,132,NA,6
4,27,120,NA,5
6,18,18,NA,5
2,13,4.03,NA,3
5,5,9,1573265,5
3,17,8,NA,3
7,21,41,53290,3
7,10,96,NA,3
1,17,3.72,NA,1
3,13,46,NA,3
6,10,12.03,NA,3
4,13,0.03,NA,5
6,10,83,NA,3
5,10,120,NA,1
5,10,87,NA,1
3,10,NA,NA,1
4,7,NA,NA,6
4,13,24,NA,3
7,10,120,NA,3
7,10,40,NA,5
5,10,114,NA,5
6,10,21,NA,1
4,7,60,NA,5
5,27,120,NA,5
2,10,13.23,NA,3
5,10,24,NA,1
3,26,159,4900,1
5,10,78,NA,1
6,16,15,9999999997,3
3,13,37,NA,1
5,10,46,NA,3
4,13,22,NA,5
4,10,144,NA,3
6,28,18,NA,6
4,17,NA,NA,3
4,9,NA,NA,NA
5,10,60,NA,1
6,17,6,NA,1
6,17,24,NA,6
6,10,120,NA,1
5,10,120,NA,3
2,17,37,NA,1
6,10,36,NA,1
6,17,4,NA,3
2,17,3,NA,1
7,10,57,NA,1
2,17,0.03,NA,NA
5,17,24,NA,1
4,17,33,NA,1
2,17,28,NA,3
4,9,0.03,NA,5
5,10,75,NA,3
4,10,156,NA,3
4,10,92,NA,1
5,13,18,NA,5
7,10,60,NA,1
5,10,144,NA,1
6,10,120,NA,1
6,29,12.03,499958,3
6,10,82,NA,5
3,26,42,1000,5
5,10,60,NA,5
4,10,120,NA,1
4,17,18,NA,1
3,10,31,NA,5
6,17,4.59,NA,1
3,13,60,NA,3
5,13,100,NA,1
4,13,24,NA,3
3,13,48,NA,1
2,26,14,2000,3
5,10,156,NA,3
6,10,120,NA,3
4,10,23.3,NA,3
4,21,29.69,352830,1
6,16,30,403549,6
6,27,300,NA,5
7,10,46,NA,5
4,10,46,NA,5
7,21,NA,596000,5
6,10,180,NA,5
6,10,NA,NA,3
5,10,0.03,NA,1
2,26,60,1660,1
3,13,46,NA,3
4,17,24,NA,1
5,10,60,NA,3
3,13,37,NA,3
6,10,100,NA,5
6,10,62,NA,1
5,13,30,NA,3
2,10,57,NA,1
4,17,8,NA,1
2,22,168,NA,1
7,17,18,NA,3
6,10,0.03,NA,1
4,10,24,NA,5
3,10,180,NA,1
6,16,65,294421,5
3,26,72,0,1
6,17,6,NA,1
3,17,0.03,NA,1
6,17,4.83,NA,1
6,17,18,NA,1
6,16,0.03,9700,6
3,17,12.03,NA,1
6,17,15,NA,1
3,16,9,284000,3
4,17,8,NA,1
7,22,469.99,NA,3
6,17,18,NA,1
6,17,21,NA,3
2,13,66,NA,3
5,17,0.03,NA,NA
7,16,120,144931554,6
7,24,21,NA,3
4,17,12.03,NA,1
4,17,3.38,NA,1
5,17,18,NA,1
2,23,16,NA,3
3,17,2.53,NA,NA
4,13,32,NA,1
4,17,3.84,NA,1
5,10,264,NA,5
2,16,18,221621,3
5,10,18.82,NA,3
2,16,15,21500,5
7,10,108,NA,3
6,13,78,NA,3
4,7,108,NA,6
6,10,120,NA,5
1,30,0.03,NA,NA
1,17,0.03,NA,NA
6,11,NA,9999999997,3
3,10,144,NA,1
6,17,10,NA,1
5,13,37,NA,1
2,10,84,NA,3
7,16,30,2049809,3
6,17,3.32,NA,1
5,17,12.03,NA,1
6,17,24,NA,1
5,10,17,NA,1
3,30,0.03,NA,NA
4,10,46,NA,1
6,17,10,NA,1
4,10,75,NA,3
6,23,8.54,NA,6
6,17,10,NA,1
4,13,96,NA,1
6,13,30,NA,3
5,16,54,252486,5
2,13,103,NA,3
5,27,216,NA,1
6,10,120,NA,3
6,17,0.03,NA,1
2,10,42,NA,3
2,10,70,NA,3
6,13,57,NA,3
6,10,0.03,NA,5
3,17,6,NA,1
6,17,0.03,NA,1
1,17,4.07,NA,1
6,10,135,NA,1
3,17,0.36,NA,5
4,17,43,NA,1
3,10,24,NA,3
3,10,51,NA,3
4,16,80,6796006,3
7,10,NA,NA,6
3,26,12.03,9999999997,3
5,10,108,NA,3
6,17,0.03,NA,1
1,30,NA,NA,NA
6,10,62,NA,3
5,17,5.72,NA,1
4,10,60,NA,5
4,10,63,NA,1
3,10,48,NA,3
5,13,46,NA,3
2,22,240,NA,3
5,13,87,NA,3
2,13,37,NA,1
2,10,48,NA,5
7,7,72,NA,5
6,13,46,NA,1
3,21,0.03,9999999997,6
6,10,57,NA,1
4,17,3,NA,1
4,30,NA,NA,NA
7,16,2,9999999997,5
7,17,10,NA,1
4,10,151,NA,1
2,13,37,NA,5
4,10,264,NA,1
2,19,120,NA,3
1,10,18,NA,3
5,10,146,NA,3
6,21,188,9999999997,6
3,7,120,NA,3
3,10,120,NA,3
6,6,0.99,9999999997,6
5,10,41.23,NA,1
5,7,144,NA,6
2,16,1.28,0,1
6,13,45.59,NA,1
7,16,41,1712522,5
3,10,150,NA,1
2,10,16,NA,5
1,13,57,NA,1
6,13,18,NA,5
2,10,60,NA,1
1,10,72,NA,3
4,6,3.94,9999999997,5
6,16,NA,9999999997,6
2,13,24,NA,3
5,17,26,NA,3
4,17,2.23,NA,1
4,28,15,NA,1
4,10,NA,NA,3
2,26,110,400,1
3,10,100,NA,1
4,10,144,NA,1
2,10,87,NA,1
4,17,0.03,NA,NA
6,7,108,NA,1
5,21,120,NA,5
3,10,120,NA,3
4,13,46,NA,5
5,21,96,NA,1
5,10,121,NA,1
6,5,15,114747,6
7,11,NA,NA,NA
3,10,160,NA,1
6,24,30,NA,3
7,10,0.03,NA,1
6,10,180,NA,1
4,4,30,NA,3
7,10,84,NA,3
4,13,14,NA,1
4,17,6,NA,5
5,16,0.03,62482,5
5,27,180,NA,6
4,17,15,NA,1
4,10,135,NA,5
5,17,4.5,NA,1
6,19,204,NA,1
6,10,156,NA,5
5,17,12.03,NA,1
5,17,3.78,NA,1
6,13,33,NA,3
7,13,63,NA,5
3,10,72,NA,1
6,17,15,NA,1
6,10,66,NA,5
6,10,87,NA,5
6,9,34.16,NA,1
5,10,48,NA,3
3,10,228,NA,3
7,17,5.42,NA,1
4,17,12,NA,1
3,27,33,NA,5
1,10,24,NA,1
2,17,0.2,NA,3
5,13,20,NA,3
6,10,41,NA,1
2,17,0.62,NA,5
3,10,0.03,NA,5
4,13,84,NA,3
5,17,12.03,NA,1
1,21,70,NA,1
3,17,5,NA,1
4,13,42,NA,3
5,10,0.03,NA,1
6,10,140,NA,3
6,10,210,NA,5
2,16,10,34957,3
1,17,16,NA,1
6,30,0.1,NA,5
3,10,2.16,NA,1
4,17,6,NA,1
6,17,10,NA,1
5,17,1.12,NA,1
2,16,NA,171267,5
6,10,72,NA,1
4,10,276,NA,3
7,16,18,654502,6
7,29,38,1636228,6
5,10,54,NA,3
3,13,41,NA,1
4,10,63,NA,5
6,16,18,9999999997,6
5,17,4,NA,1
3,10,92,NA,3
6,10,87,NA,5
3,10,63,NA,3
4,10,24,NA,3
3,10,132,NA,1
3,21,0.03,7900,5
7,27,151,NA,5
3,17,NA,NA,3
2,13,63,NA,1
6,22,470,NA,1
4,10,39,NA,3
6,17,12.03,NA,3
4,10,240,NA,1
6,7,120,0,5
6,7,102,NA,5
4,16,NA,NA,NA
6,16,NA,NA,NA
7,21,70,280000,6
7,10,120,NA,3
6,17,3.89,NA,1
7,10,58,NA,3
3,17,0.03,NA,5
6,10,97,NA,1
6,17,12.03,NA,1
3,17,15,NA,1
5,7,84,NA,3
6,22,470,NA,3
3,21,94,NA,3
2,10,0.33,NA,5
5,16,37,5771304,6
7,17,30,NA,1
3,10,84,NA,3
5,10,0.03,NA,NA
6,26,48,35,3
3,7,60,NA,1
5,17,33,NA,5
6,12,48,8640000,1
2,17,1.87,NA,1
6,17,6,NA,NA
5,13,NA,NA,1
4,17,21,NA,5
7,21,0.03,285767,6
5,10,188,NA,1
3,10,120,NA,1
7,13,27,NA,5
6,21,NA,9999999997,1
5,16,15,510439,5
6,10,108,NA,1
6,23,6,NA,6
1,13,60,NA,1
7,17,4.43,NA,1
5,16,66,3103250,3
5,13,120,NA,NA
4,10,24,NA,3
3,17,12.03,NA,3
3,26,260,25394,1
3,13,NA,NA,NA
6,16,NA,9999999997,3
4,17,7,NA,3
4,13,72,NA,3
4,13,30,NA,3
5,25,18.07,NA,3
6,27,240,NA,3
6,16,12.03,267238,5
7,10,54,NA,6
3,10,10,NA,5
6,10,40,NA,3
2,13,60,NA,3
7,21,133,NA,3
6,10,60,NA,6
3,16,10,51806,3
6,13,NA,NA,1
2,10,48,NA,3
4,10,57,NA,3
2,10,72,NA,3
6,17,12.03,NA,1
5,13,96,NA,1
7,10,110,NA,1
6,10,180,NA,3
6,13,84,NA,1
4,13,162,NA,3
7,17,7,NA,5
6,10,264,NA,6
6,10,120,NA,3
1,10,24,NA,1
6,30,46,NA,1
4,24,27,NA,3
6,10,48,NA,1
6,30,46,NA,1
3,16,8.61,9999999997,5
6,17,37,NA,1
1,10,12,NA,5
2,17,13,NA,3
4,17,10,NA,1
6,16,NA,1272796,1
5,4,24,NA,1
6,10,143,NA,5
7,13,13,NA,5
5,17,6.31,NA,1
7,17,5.52,NA,1
2,13,48,NA,1
6,17,8,NA,5
6,16,NA,8427,5
7,16,36,1801667,6
7,17,1.08,NA,1
5,10,80,NA,5
7,17,3.78,NA,1
4,10,219,NA,1
6,13,30,NA,5
6,17,15,NA,1
6,17,12.03,NA,1
5,13,120,NA,3
6,17,3.29,NA,1
6,17,18,NA,1
4,17,36,NA,1
5,10,84,NA,3
6,17,12.03,NA,1
2,10,72,NA,3
6,10,120,NA,1
4,17,4.2,NA,1
4,13,30,NA,3
4,10,NA,NA,5
2,13,60,NA,3
3,28,NA,NA,6
6,17,46,NA,5
5,17,9,NA,1
7,10,24,NA,5
6,10,108,NA,1
6,17,12.03,NA,3
3,10,100,NA,1
2,16,37,111702,1
5,13,60,NA,3
7,13,36,NA,5
4,24,24,NA,5
6,10,120,NA,5
5,10,0.03,NA,3
1,17,4.17,NA,1
4,10,12.03,NA,3
3,10,100,NA,5
6,10,84,NA,3
6,17,30,NA,1
2,10,72,NA,3
2,26,0.03,2553,3
6,10,36,NA,3
7,17,15,NA,3
5,29,NA,25064,5
6,16,18,NA,NA
4,10,78,NA,5
5,22,470,NA,NA
6,13,18,NA,1
5,13,24,NA,5
7,10,108,NA,1
5,26,78,9999999997,1
4,10,NA,NA,5
1,17,4.49,NA,1
4,28,12.03,NA,3
7,13,48,NA,3
7,10,60,NA,5
7,12,24,NA,1
5,10,34.03,NA,3
6,10,72,NA,3
6,17,0.03,NA,1
6,17,7,NA,1
6,10,135,NA,3
6,17,6.13,NA,1
4,17,42,NA,1
5,17,18,NA,3
4,7,78,9999999997,3
6,17,4.79,NA,3
7,17,6.49,NA,6
6,16,0.03,65000,6
3,17,12.03,NA,1
7,17,19.72,NA,1
7,29,18,1990973,6
6,10,30,NA,6
5,17,6.1,NA,1
7,17,11.3,NA,1
5,13,51,NA,1
3,17,8,NA,3
5,8,0.03,NA,1
6,10,37,NA,5
6,17,6.33,NA,1
7,17,8.95,NA,1
4,17,5.99,NA,1
6,21,42,NA,5
4,17,6.1,NA,1
6,17,0.03,NA,1
6,17,11.72,NA,1
2,10,24,NA,5
5,17,11.79,NA,NA
5,17,9.2,NA,1
6,17,6.82,NA,1
5,17,7.53,NA,1
7,16,NA,243004,5
5,13,30,NA,1
7,10,135,NA,5
6,10,36,NA,5
7,10,108,NA,3
4,10,97,NA,3
6,13,27,NA,3
6,29,15,57672,5
2,17,6,NA,1
6,10,66,NA,5
3,4,120,NA,5
5,17,8,NA,NA
5,10,77,NA,3
3,24,60,NA,3
7,27,469.99,NA,6
4,7,120,NA,5
4,10,135,NA,6
4,10,24,NA,1
5,13,30,NA,3
7,7,78,NA,3
6,12,0.07,NA,5
5,17,96,NA,1
4,10,84,NA,3
5,10,63,NA,3
6,17,8.13,NA,1
6,17,6.23,NA,3
3,27,96,NA,3
6,10,180,NA,3
7,17,6.62,NA,1
5,17,8.26,NA,1
4,13,36,NA,1
6,17,NA,NA,3
5,17,6.1,NA,1
7,17,12.69,NA,1
3,10,87,NA,3
4,10,168,NA,3
5,17,0.03,NA,NA
3,10,120,NA,3
3,13,NA,NA,3
6,17,8,NA,1
4,10,130,NA,1
4,30,NA,NA,NA
4,30,NA,NA,NA
3,16,0.53,9999999997,5
3,13,84,NA,1
4,13,NA,NA,5
5,9,0.03,NA,1
3,30,NA,NA,NA
2,17,40,NA,1
3,27,28,NA,3
2,26,250,439,NA
6,12,27,NA,3
4,10,NA,NA,1
3,13,37,NA,3
5,17,9,NA,1
3,16,18,9999999997,5
7,10,204,NA,3
3,10,18,NA,1
5,21,NA,25000,5
6,21,276,NA,3
4,27,262,NA,5
6,17,0.03,NA,1
3,17,10,NA,5
2,13,18,NA,1
4,17,13.03,NA,1
6,16,39,111071,5
4,4,120,NA,1
7,10,54,NA,3
4,13,48,NA,5
3,16,54,81411,3
3,17,0.03,NA,NA
6,10,120,NA,3
4,10,60,NA,3
1,17,18,NA,1
3,13,30,NA,1
4,10,70,NA,1
7,10,120,NA,3
4,1,10.59,NA,1
6,10,130,NA,1
6,10,151,NA,1
3,13,96,NA,1
3,16,NA,35612,5
3,10,51,NA,3
3,10,75,NA,5
3,10,4,NA,1
3,10,26.46,NA,3
4,17,2.92,NA,NA
5,17,60.03,NA,1
4,10,97,NA,3
7,10,105,NA,5
4,10,270,NA,1
6,13,24,NA,1
3,17,7,NA,1
4,10,72,NA,1
7,10,57,NA,3
5,13,24,NA,1
5,17,2.92,NA,1
3,13,60,NA,3
6,17,6.21,NA,1
1,13,24,NA,1
4,10,41,NA,1
4,17,0.03,NA,1
6,10,70,NA,1
3,7,72,NA,3
4,16,48,9999999997,5
5,17,12.03,NA,1
3,17,5.22,NA,1
3,17,8,NA,1
2,13,37,NA,1
3,10,36,NA,1
7,17,37,NA,1
5,10,120,NA,1
4,10,45.16,NA,3
4,13,50,NA,3
3,13,48,NA,3
3,7,120,NA,1
4,10,70,NA,3
3,10,38,NA,1
5,10,264,NA,1
3,10,120,NA,3
2,16,0.03,9999999997,1
7,10,24,NA,3
3,17,10,NA,1
5,27,60,NA,6
3,10,204,NA,1
4,10,192,NA,1
6,10,469.99,NA,3
5,10,240,NA,5
5,13,72,NA,5
6,21,0.03,155332,3
7,30,NA,NA,NA
6,21,84,NA,5
4,10,48,NA,5
4,10,72,NA,3
6,10,192,NA,1
6,16,NA,2155518,1
3,17,6,NA,1
3,17,1.89,NA,1
5,13,90,NA,1
7,5,NA,861000,6
6,10,36,NA,1
4,17,2.79,NA,3
3,10,8,NA,5
3,10,72,NA,3
5,10,151,NA,3
6,17,8,NA,1
5,10,120,NA,3
2,16,14,70324,3
6,24,63,NA,3
6,10,0.03,NA,1
7,5,NA,4600,5
4,30,8,NA,5
2,17,6,NA,5
6,16,NA,84509,5
5,10,108,NA,3
3,17,16,NA,1
6,17,4,NA,1
4,17,3.76,NA,5
5,26,108,9999999997,1
6,17,5.81,NA,1
4,17,1.99,NA,1
6,27,180,NA,1
6,10,192,NA,1
4,10,216,NA,3
3,10,30,NA,1
6,10,60,NA,1
2,27,156,NA,1
3,28,33,NA,3
5,16,3.29,40565000,5
6,30,8,NA,6
2,26,63,9999999997,3
6,13,51,NA,3
3,10,46,NA,1
4,13,65,NA,5
5,13,92,NA,3
2,17,12.03,NA,1
4,10,204,NA,3
6,10,78,NA,3
5,13,60,NA,3
4,16,12.03,134256,5
1,17,0.03,NA,3
7,16,36,53000,6
5,10,156,NA,3
4,10,121,NA,1
5,17,4,NA,5
5,16,48,53000,6
6,17,NA,NA,1
1,17,NA,NA,3
5,10,96,NA,5
4,26,180,9999999997,1
7,13,NA,NA,3
6,10,100,NA,5
4,17,1.85,NA,1
5,10,121,NA,3
6,13,15,NA,3
5,10,27,NA,1
4,17,12.03,NA,3
6,28,41,NA,3
3,10,51,NA,1
2,13,27,NA,1
5,17,0.03,NA,NA
4,10,130,NA,1
7,17,NA,NA,NA
4,10,160,NA,1
2,17,27,NA,3
4,17,10,NA,1
5,10,120,NA,3
3,10,125,NA,1
4,17,2.82,NA,NA
7,7,80,NA,3
4,17,2.16,NA,NA
5,17,12.03,NA,1
6,17,5,NA,1
3,10,188,NA,3
5,17,2.2,NA,NA
3,10,60,NA,1
2,27,144,NA,3
5,10,135,NA,5
5,13,144,NA,3
5,10,30,NA,3
5,17,8,NA,1
5,21,60,1363593,3
6,13,120,NA,3
3,17,6,NA,1
3,17,1.66,NA,6
3,13,50,NA,3
2,10,60,NA,3
5,17,15,NA,1
4,17,7.92,NA,1
5,10,404,NA,5
3,10,120,NA,1
6,16,16,583285,5
7,24,NA,NA,5
4,17,21,NA,1
6,10,240,NA,5
3,17,2.36,NA,NA
6,13,30,NA,5
3,17,5.33,NA,3
5,1,NA,NA,5
5,10,151,NA,3
7,17,2.99,NA,NA
2,17,13,NA,1
2,16,2.46,326,1
5,10,120,NA,3
4,10,72,NA,3
7,10,168,NA,3
7,17,21,NA,1
4,17,1.95,NA,1
6,13,42,NA,3
6,10,180,NA,5
3,17,10,NA,3
5,17,6,NA,1
7,22,470,NA,6
2,23,51,NA,1
7,10,0.03,NA,3
3,27,360,NA,3
5,17,1.46,NA,NA
4,17,18,NA,5
4,17,10,NA,1
6,22,470,NA,3
6,17,11,NA,1
5,17,15,NA,1
4,10,240,NA,1
6,10,24,NA,1
6,10,120,NA,3
5,17,4.76,NA,1
5,10,120,NA,5
5,17,5.3,NA,1
6,10,360,NA,5
2,17,4,NA,3
4,10,12,NA,5
5,17,37,NA,1
4,17,10,NA,NA
3,10,24,NA,5
7,16,24,207137,6
5,17,0.03,NA,1
2,17,1.95,NA,5
2,17,0.03,NA,1
3,25,15,NA,1
7,17,14,NA,3
3,17,NA,NA,1
6,17,12,NA,3
2,13,60,NA,1
6,10,67,NA,3
7,17,10,NA,1
6,10,60,NA,5
3,10,21,NA,6
4,13,0.03,NA,5
2,17,0.03,NA,3
6,10,120,NA,3
6,29,16,919878,6
7,27,405,NA,1
6,13,30,NA,3
7,10,144,NA,5
7,16,120,2090904,6
3,7,12.03,0,5
4,10,1.2,NA,5
4,16,58,9999999997,5
6,13,120,NA,3
4,10,382,NA,1
6,10,92,NA,3
6,17,21,NA,1
3,17,0.03,NA,NA
4,10,12.03,NA,1
7,16,72,15288014,5
6,10,60,NA,1
5,17,NA,NA,1
5,17,5.53,NA,1
3,22,470,NA,1
6,10,108,NA,5
7,22,470,NA,5
4,17,2.2,NA,1
7,4,21,NA,5
4,17,4,NA,NA
1,17,1.72,NA,1
7,13,110,NA,1
3,10,228,NA,3
7,10,120,NA,3
4,10,52,NA,5
5,12,48,5940000,1
1,13,60,NA,1
3,27,180,NA,5
4,10,90,NA,3
3,12,46,8640000,1
2,10,57,NA,1
2,10,24,NA,1
6,10,120,NA,3
5,10,72,NA,3
5,10,48,NA,5
2,10,36,NA,3
6,10,262,NA,3
2,13,204,NA,3
6,21,34,200000,1
5,17,8,NA,NA
6,17,24,NA,3
5,21,48,1496817,5
3,13,144,NA,5
5,10,21,NA,1
3,13,46,NA,3
3,10,120,NA,3
3,10,41,NA,5
7,21,66,1496817,6
5,17,36,NA,1
5,17,30,NA,1
6,10,37,NA,5
6,16,25,1350000,6
5,16,27,356753,3
6,10,198,NA,5
6,17,5.45,NA,1
6,16,20,143000,5
5,10,21,NA,5
2,10,37,NA,5
4,10,27,NA,1
3,13,60,NA,1
7,21,58,1496817,6
7,17,4.66,NA,3
3,1,NA,NA,5
6,10,24,NA,3
1,26,24,NA,3
4,17,8,NA,5
3,16,24,111541,3
5,17,16,NA,1
4,17,6,NA,3
7,16,6,30606,6
5,10,151,NA,3
7,10,12.03,NA,1
5,10,12.03,NA,5
4,10,104,NA,3
4,13,NA,NA,1
3,13,35,NA,1
5,17,3.94,NA,1
7,10,36,NA,3
7,16,NA,NA,NA
5,26,46,500,3
5,10,108,NA,3
6,10,85,NA,3
4,21,0.03,1029755,5
3,17,2.69,NA,1
6,17,4.43,NA,NA
7,17,4.13,NA,1
3,22,156,NA,1
5,17,6.7,NA,1
5,17,30,NA,1
5,13,77,NA,1
5,17,18,NA,1
7,16,14,9999999997,6
4,7,180,NA,5
5,27,87,NA,3
6,13,24,NA,1
5,28,0.03,NA,3
4,17,16,NA,1
7,7,82,NA,3
6,10,41,NA,3
3,10,108,NA,1
6,10,120,NA,3
4,10,16,NA,5
6,13,60,NA,3
3,13,21,NA,3
3,13,37,NA,1
5,16,30,334230,5
4,10,120,NA,3
6,10,168,NA,3
3,10,180,NA,1
3,10,180,NA,1
4,13,33,NA,3
5,10,32,NA,3
6,7,151,NA,3
4,13,NA,NA,3
6,13,41,NA,5
3,10,4,NA,5
3,10,120,NA,1
4,26,228,9999999997,1
1,10,60,NA,3
2,16,36,48297,1
6,17,2.66,NA,1
7,26,34,9999999997,3
7,16,27,17640325,5
6,17,5.99,NA,1
7,11,NA,9999999997,6
3,10,135,NA,1
5,17,24,NA,1
7,17,30,NA,3
4,27,252,NA,3
6,17,0.3,NA,3
4,16,24,NA,5
6,21,138,NA,1
5,16,0.03,8215,3
4,17,24,NA,1
3,17,24,NA,3
6,10,70,NA,1
2,13,21,NA,3
7,5,27,20107163,6
6,10,130,NA,3
3,10,35,NA,1
5,13,63,NA,3
6,10,0.03,NA,5
4,7,144,NA,3
6,16,24,9999999997,6
6,26,57,2300,3
6,29,6,334841,5
4,13,12.03,NA,5
6,17,3.66,NA,1
4,16,39,9510,1
3,23,24,NA,1
5,17,2.17,NA,1
5,17,10,NA,1
4,17,4.96,NA,1
6,17,3.19,NA,1
6,10,20,NA,3
6,29,6,334841,5
7,16,30,9999999997,3
6,16,NA,63497,1
2,10,36,NA,3
6,17,27,NA,1
6,10,100,NA,5
3,10,150,NA,3
3,10,78,NA,1
2,26,30,14194,3
6,22,292,NA,3
3,10,0.03,NA,6
3,16,24,205841,3
3,13,16,NA,1
3,13,42,NA,3
6,17,2.56,NA,1
6,7,48,NA,5
5,17,30,NA,1
6,13,37,NA,3
6,10,0.03,NA,5
6,17,12,NA,1
4,13,57,NA,3
4,10,80,NA,5
4,26,141,706,1
6,10,21,NA,3
4,17,13,NA,1
4,17,12.52,NA,3
6,17,8,NA,1
5,10,60,NA,3
7,10,NA,NA,3
7,27,360,NA,5
2,10,120,NA,1
3,13,NA,NA,5
5,10,140,NA,3
4,17,7.59,NA,1
7,5,0.03,9999999997,5
5,16,30,102852,3
7,17,21,NA,1
5,10,72,NA,1
5,27,60,NA,5
6,13,0.03,NA,3
5,17,24,NA,1
5,10,46,NA,1
2,16,18,506800,5
4,13,24,NA,3
4,4,66,NA,5
6,10,60,NA,3
7,17,30,NA,3
3,10,0.03,NA,5
4,10,51,NA,3
5,17,NA,NA,3
5,3,60,NA,5
5,26,68.56,9999999997,1
4,13,16,NA,3
5,17,4,NA,3
4,13,36,NA,5
5,16,28,1604485,5
4,4,36,NA,1
5,17,0.03,NA,1
4,16,33,339692,6
5,22,470,NA,1
2,10,11.83,NA,3
3,17,33,NA,1
5,17,24,NA,NA
3,10,48,NA,3
4,16,24,459706,3
5,16,15,6828,1
3,13,21,NA,3
6,17,3.33,NA,NA
6,10,42,NA,3
7,5,12.03,243061359,6
6,10,130,NA,5
6,17,2.46,NA,NA
7,21,0.03,9999999997,6
5,27,420,NA,5
6,16,24,828813,5
5,10,63,NA,3
7,17,3.69,NA,1
3,10,88,NA,5
3,13,33,NA,3
6,13,16,NA,1
3,30,12,NA,5
6,10,72,NA,3
4,10,20,NA,1
6,10,48.99,NA,3
6,10,188,NA,3
6,17,3.07,NA,NA
2,10,60,NA,3
7,13,24,NA,1
3,17,5.13,NA,1
4,22,200,NA,3
4,17,72,NA,1
4,13,16,NA,3
6,13,12.03,NA,3
6,17,21,NA,1
4,10,6.46,NA,3
5,21,180,NA,5
7,13,77,NA,3
4,17,2.95,NA,NA
6,10,41,NA,3
4,10,60,NA,5
3,1,6,NA,3
2,10,135,NA,1
6,17,3.69,NA,1
7,10,68,NA,3
7,17,18,NA,1
6,16,109,46920818,5
5,13,0.03,NA,6
1,16,10,0,1
6,10,12.03,NA,3
4,23,0.03,NA,NA
5,10,162,NA,3
7,13,45,NA,3
6,10,84,NA,1
5,17,0.03,NA,NA
6,10,72,NA,5
2,10,0.03,NA,3
4,10,360,NA,1
3,13,46,NA,1
6,10,31.1,NA,3
7,10,70,NA,6
4,13,12.03,NA,5
4,10,120,NA,3
2,7,48,NA,6
2,26,15,1000,1
6,10,60,NA,3
6,10,97,NA,5
4,13,41,NA,5
3,25,4,NA,3
5,10,72,NA,1
6,13,18,NA,6
4,10,195,NA,3
6,10,135,NA,1
5,17,0.03,NA,NA
7,10,37,NA,6
5,13,60,NA,3
6,17,0.03,NA,NA
3,10,66,NA,3
7,10,120,NA,3
5,13,15,NA,5
6,10,270,NA,5
2,17,12.03,NA,1
2,10,158,NA,3
4,13,115,NA,3
3,13,33,NA,1
4,17,2.4,NA,NA
5,17,0.03,NA,NA
6,7,84,NA,5
6,7,36,NA,5
7,16,42,834255,5
6,13,30,NA,3
6,10,47,NA,5
1,10,0.03,NA,1
5,17,2.66,NA,NA
4,10,36,NA,3
3,17,2.26,NA,NA
5,9,0.33,NA,NA
3,10,32,NA,5
6,13,92,NA,1
2,17,1.91,NA,NA
4,17,2.14,NA,NA
5,13,30,NA,1
5,17,21,NA,1
3,10,60,NA,3
6,17,4.49,NA,1
2,17,2.66,NA,NA
3,17,1.16,NA,NA
6,17,8,NA,1
2,16,25,47780,3
2,17,4,NA,1
3,27,120,NA,6
4,16,2.66,NA,NA
6,13,36,NA,5
6,17,2.03,NA,NA
3,16,87,9999999997,1
7,17,2.69,NA,NA
3,10,150,NA,3
3,17,2.33,NA,NA
3,13,18,NA,1
4,17,2.53,NA,1
7,10,60.03,NA,1
5,10,120,NA,5
5,10,57,NA,1
4,17,1.82,NA,NA
2,17,0.03,NA,NA
7,8,15,NA,1
6,10,0.03,NA,5
4,30,NA,NA,5
2,10,34,NA,1
6,17,21,NA,1
6,10,42,NA,1
6,22,235,NA,1
2,17,12.03,NA,5
7,10,65,NA,3
4,16,24,9999999997,3
6,25,13,NA,5
3,10,330,NA,1
6,10,170,NA,NA
4,10,72,NA,3
2,30,NA,NA,3
6,17,24,NA,1
5,10,156,NA,1
6,17,2.04,NA,1
6,17,21,NA,1
6,17,4.53,NA,1
4,13,48,NA,5
6,18,11.43,NA,5
3,17,21,NA,1
4,10,60,NA,1
2,13,NA,NA,3
3,10,48,NA,5
4,13,60,NA,5
6,21,12.03,1259095,3
5,16,6,71700,5
6,17,3.76,NA,NA
5,17,0.03,NA,1
3,13,60,NA,1
3,13,18,NA,3
7,16,51,647222,6
6,7,60,NA,6
5,10,94,NA,1
4,28,15,NA,6
4,17,NA,NA,3
3,21,18,1360375,1
5,10,84,NA,3
7,10,57,NA,3
6,10,103,NA,3
3,17,12.03,NA,1
6,17,6,NA,1
6,17,4.34,NA,1
6,10,30,NA,6
4,21,24,195960,3
6,10,144,NA,5
4,17,0.03,NA,5
7,17,21,NA,5
5,17,3.53,NA,1
4,10,30,NA,3
6,10,NA,NA,3
3,16,NA,6180,5
6,17,30,NA,1
5,10,0.03,NA,3
7,10,121,NA,5
4,10,192,NA,1
3,10,180,NA,3
3,10,120,NA,5
4,16,24,24348,3
7,10,72,NA,3
4,10,138,NA,3
6,17,37,NA,NA
6,10,240,NA,5
6,10,100,NA,1
6,10,120,NA,1
6,13,12.03,NA,3
2,28,13,NA,6
5,10,60,NA,3
6,10,60,NA,5
5,16,NA,1000,5
7,10,60,NA,3
4,10,120,NA,5
3,17,3.33,NA,1
4,16,NA,40,5
4,6,1.97,9999999997,5
5,17,4,NA,1
4,13,12.03,NA,5
5,10,72,NA,3
6,10,9.26,NA,1
4,27,210,NA,5
5,17,3.84,NA,1
6,10,60,NA,1
1,17,3.36,NA,1
4,13,30,NA,3
2,10,36,NA,3
2,10,240,NA,1
6,16,6,290855,3
4,10,210,NA,5
5,17,9.69,NA,1
6,13,65,NA,3
4,10,33,NA,1
5,16,6,290855,6
4,10,120,NA,1
3,13,36,NA,3
3,17,44,NA,1
7,17,12,NA,5
2,1,12,NA,1
4,10,120,NA,3
6,17,0.03,NA,1
7,16,27,654502,5
6,10,0.03,NA,3
7,5,40,1091867,6
5,17,2.07,NA,1
6,17,4.43,NA,1
2,16,36,2230814,5
3,26,120,3500,1
6,27,84,NA,5
7,10,151,NA,5
2,17,18,NA,1
3,17,6.2,NA,1
3,10,42,NA,5
2,27,18,NA,3
3,10,92,NA,3
2,13,3.94,NA,3
7,17,21,NA,1
6,17,4.3,NA,NA
4,13,60,NA,5
3,10,15,NA,1
5,10,100,NA,3
6,17,15,NA,5
6,10,120,NA,3
7,17,8,NA,1
6,1,NA,NA,6
7,16,24,1628237,3
2,17,0.03,NA,1
7,16,NA,9999999997,5
6,17,6,NA,5
4,17,0.03,NA,3
4,10,21,NA,5
6,17,4.04,NA,1
2,17,3.2,NA,1
3,17,2.07,NA,1
6,10,51,NA,1
6,17,5.76,NA,1
5,17,0.03,NA,1
6,17,1.43,NA,3
3,16,0.95,0,1
3,17,24,NA,3
6,17,13,NA,1
3,10,300,NA,3
6,16,NA,101632,5
1,27,15,NA,3
6,13,NA,NA,5
6,10,72,NA,3
6,10,240,NA,5
3,27,360,NA,5
3,24,10,NA,3
5,13,112,NA,1
5,18,151,NA,5
3,17,2.59,NA,1
7,13,180,NA,5
4,13,60,NA,5
5,17,12.03,NA,1
5,4,NA,NA,3
7,17,21,NA,1
6,17,5.23,NA,1
6,17,0.03,NA,1
3,7,84,NA,5
3,17,3.98,NA,1
5,17,2.3,NA,1
6,2,NA,1900000,3
4,13,24,NA,1
6,17,0.03,NA,3
3,17,0.03,NA,1
7,17,6.33,NA,1
6,10,120,NA,1
5,17,14,NA,1
5,24,24,NA,5
6,5,44,9999999997,6
6,10,135,NA,3
5,17,13,NA,1
5,17,3.36,NA,1
3,17,0.03,NA,1
5,17,18,NA,1
4,17,12.03,NA,1
5,17,4.59,NA,1
6,13,77,NA,3
7,10,NA,NA,5
6,17,6,NA,1
3,7,70,0,6
3,5,57,9999999997,3
4,17,8,NA,3
6,21,132,NA,3
4,17,18,NA,1
5,17,14,NA,3
6,17,18,NA,1
4,17,6.56,NA,1
6,21,12.03,2280330,6
4,17,8.26,NA,1
2,17,0.03,NA,1
2,17,NA,NA,1
3,17,3.15,NA,1
1,26,41,767,3
6,17,7,NA,1
4,17,3.12,NA,1
3,20,120,NA,1
2,13,NA,NA,1
4,17,5.13,NA,1
5,13,36,NA,1
5,13,0.03,NA,3
7,13,0.03,NA,5
3,17,7,NA,1
5,13,51,NA,5
2,10,NA,NA,1
3,17,4.59,NA,3
5,10,60,NA,3
5,10,84,NA,5
5,17,11,NA,1
4,13,8.94,NA,5
4,13,36,NA,3
2,13,144,NA,1
4,10,0.46,NA,3
7,16,108,9999999997,1
4,13,37,NA,5
2,13,51,NA,3
4,10,240,NA,3
2,13,33,NA,3
6,10,120,NA,1
6,17,37,NA,1
2,17,NA,NA,3
6,10,33,NA,3
7,16,67,5411603,5
5,17,0.03,NA,1
5,13,46,NA,1
4,10,0.59,NA,5
2,10,18,NA,3
3,17,5.13,NA,1
3,10,42,NA,3
5,17,5,NA,1
6,10,30,NA,5
6,10,120,NA,5
3,13,120,NA,3
4,10,84,NA,1
6,10,27,NA,1
5,17,6.49,NA,1
6,17,2.79,NA,3
4,17,10,NA,1
7,10,24,NA,5
5,17,33,NA,1
4,10,37,NA,3
6,17,24,NA,1
4,17,3.06,NA,1
5,17,6,NA,1
4,16,5.42,0,1
4,10,15,NA,5
6,10,57,NA,1
6,17,18,NA,1
5,7,108,NA,3
7,17,18,NA,1
7,16,NA,0,6
5,17,33,NA,1
6,1,24,NA,1
3,17,18,NA,1
7,17,37,NA,1
6,10,135.89,NA,6
6,10,469.99,NA,1
6,10,120,NA,5
6,17,2.46,NA,1
6,21,12.03,3500000,6
4,7,72,NA,5
4,21,120,NA,1
3,13,NA,NA,3
6,17,30,NA,1
3,13,27,NA,5
4,10,40,NA,5
4,17,5.56,NA,5
5,13,0.03,NA,3
4,17,5,NA,3
6,10,30,NA,5
5,10,42,NA,5
6,16,12.03,605114,5
3,17,8,NA,3
4,17,12.03,NA,5
5,10,66,NA,3
4,17,4.24,NA,1
5,16,96,1598766,5
6,10,63,NA,3
5,10,180,NA,5
4,10,63,NA,1
6,10,18,NA,3
5,17,3.03,NA,1
5,17,5,NA,1
7,17,10,NA,1
3,13,41,NA,1
3,13,33,NA,3
6,17,46,NA,1
6,10,60,NA,3
2,17,5,NA,3
7,7,120,NA,6
2,13,30,NA,5
3,26,115,646,3
2,17,5.99,NA,1
4,10,63,NA,5
6,10,92,NA,3
5,19,469.99,NA,3
4,19,469.99,NA,3
6,10,60,NA,3
5,10,108,NA,1
4,13,21,NA,3
7,10,51,NA,1
4,17,4,NA,1
2,16,33,9999999997,3
3,13,30,NA,1
3,17,2.53,NA,1
7,27,420,NA,1
4,4,135,NA,1
6,17,4.86,NA,NA
7,10,3.45,NA,3
6,21,30,NA,6
3,7,NA,NA,6
7,25,36,NA,3
4,17,41,NA,3
5,7,66,NA,5
2,10,0.03,NA,1
3,9,0.07,NA,5
7,16,80,9999999997,6
4,13,67,NA,1
7,17,21,NA,3
2,13,12.85,NA,3
6,10,24,NA,3
6,10,36,NA,5
4,21,84,NA,5
6,16,14,9999999997,6
6,17,48,NA,1
4,21,86,NA,5
5,17,6,NA,1
2,10,0.03,NA,5
3,10,36,NA,3
4,21,0.03,9999999997,3
6,24,33,NA,5
5,13,57,NA,3
5,10,60,NA,3
3,13,46,NA,1
7,16,NA,767249,6
3,24,8,NA,3
4,21,39.92,NA,1
5,10,60,NA,1
6,17,30,NA,1
3,28,NA,NA,6
6,16,36,1790700,3
4,10,84,NA,5
2,13,84,NA,3
7,15,40,20000000,5
4,10,27,NA,3
7,10,0.03,NA,3
2,10,30,NA,3
7,16,62,5041370,6
5,13,12,NA,5
4,30,NA,NA,NA
5,10,0.03,NA,3
2,10,0.03,NA,3
4,10,4.43,NA,5
5,17,5,NA,NA
4,28,12.03,NA,6
5,26,64,1065,5
5,13,120,NA,3
1,26,0.03,767,1
2,10,0.36,NA,3
2,13,NA,NA,3
5,10,98,NA,5
7,22,70,NA,1
7,26,228,9999999997,1
4,7,48,NA,5
6,17,5.69,NA,1
7,13,108,NA,5
2,9,0.13,NA,3
7,17,4.24,NA,1
4,20,118,NA,1
5,17,4.76,NA,5
2,13,34,NA,3
6,10,60,NA,1
3,17,8,NA,1
5,10,18,NA,5
6,27,360,NA,3
2,10,29,NA,1
4,17,7,NA,5
3,16,12.03,5206,6
6,10,92,NA,1
7,9,NA,NA,NA
4,10,120,NA,3
5,17,8,NA,3
4,10,200,NA,1
2,28,84,NA,1
3,13,27,NA,5
4,17,5.79,NA,1
6,10,120,NA,3
7,17,40,NA,1
6,17,1.87,NA,1
6,17,15,NA,1
5,16,24,NA,5
3,13,108,NA,5
5,17,24,NA,1
6,10,36,NA,3
2,13,6,NA,5
7,17,21,NA,1
7,10,17.53,NA,5
7,9,NA,NA,NA
6,17,4.24,NA,1
2,17,NA,NA,3
3,28,72,NA,5
6,17,2.59,NA,1
7,16,30,1088850,5
6,4,0.03,NA,3
5,10,240,NA,3
2,17,8,NA,1
5,10,140,NA,3
3,10,75,NA,1
7,13,27,NA,3
6,7,60,NA,6
5,10,60,NA,6
7,10,150,NA,3
2,13,46,NA,1
2,13,60,NA,1
6,13,37,NA,3
6,17,4.79,NA,1
6,17,2.56,NA,6
6,17,10,NA,1
6,10,150,NA,3
3,13,96,NA,1
5,13,36,NA,3
2,17,13,NA,1
3,17,4.17,NA,1
7,17,NA,NA,3
6,10,4,NA,5
6,10,70,NA,NA
6,10,65,NA,5
3,17,15,NA,1
6,10,180,NA,3
4,17,4,NA,NA
7,10,0.03,NA,3
5,16,40,9999999997,5
2,13,NA,NA,3
5,5,25,2954586,6
6,10,8,NA,3
7,29,NA,411324,5
6,17,6.18,NA,1
3,10,37.46,NA,1
5,30,6,NA,1
6,10,6,NA,1
5,3,78,NA,3
7,10,210,NA,5
5,10,120,NA,3
5,17,3.42,NA,1
2,13,100,NA,3
6,10,20,NA,3
5,17,NA,NA,5
3,16,21,252740,5
6,16,24,9999999997,6
6,10,108,NA,5
4,23,14,NA,3
3,10,17.16,NA,1
5,17,5.62,NA,1
6,25,6,NA,1
4,26,60,0,1
3,17,12,NA,1
6,17,4.46,NA,1
7,17,4.69,NA,1
5,10,180,NA,3
5,17,36,NA,1
2,10,NA,NA,1
5,17,5.2,NA,1
4,21,192,9999999997,3
6,12,65.07,862000,1
6,16,NA,38851,5
4,17,5.23,NA,1
6,10,180,NA,1
5,24,17.21,NA,3
5,17,4.72,NA,1
4,17,2.43,NA,NA
3,13,27,NA,3
5,17,12,NA,1
5,13,42,NA,3
5,26,24,747,3
3,10,0.03,NA,5
3,13,40,NA,1
6,17,18,NA,1
6,17,2.3,NA,NA
4,13,16,NA,1
3,10,37,NA,5
7,21,41,NA,6
7,10,41,NA,3
5,10,211,NA,3
2,27,120,NA,1
6,10,84,NA,3
4,13,NA,NA,5
6,10,24,NA,1
3,10,60,NA,1
6,17,30,NA,5
7,10,40,NA,3
4,17,2.3,NA,NA
4,10,15,NA,3
7,29,12.03,784800,1
7,17,2.92,NA,NA
4,13,40,NA,1
6,17,4,NA,5
4,5,0.03,9999999997,6
4,17,8,NA,1
4,16,NA,9999999997,5
4,17,3.78,NA,1
1,17,9,NA,1
6,13,57,NA,3
7,17,4.23,NA,1
4,17,10,NA,1
6,13,41,NA,3
5,13,120,NA,1
6,16,9,0,1
4,4,168,NA,3
6,10,60,NA,3
6,10,60,NA,1
4,13,36,NA,1
7,10,63,NA,1
5,17,NA,NA,3
5,23,NA,NA,NA
7,10,66,NA,3
6,29,NA,408122,5
4,17,5.89,NA,1
6,10,96,NA,3
7,16,80,9999999997,6
5,17,2.49,NA,3
5,1,12,NA,NA
6,17,0.03,NA,NA
2,17,13,NA,1
5,30,6,NA,5
7,10,60,NA,1
7,21,0.03,NA,6
7,17,3.02,NA,1
3,10,87,NA,1
2,10,24,NA,1
3,13,18,NA,1
2,10,198,NA,3
3,13,46,NA,3
6,10,180,NA,3
6,16,30,426540,6
5,16,40,622534,6
2,17,6.24,NA,1
6,17,2.03,NA,NA
3,10,120,NA,3
5,30,NA,NA,3
4,4,60,NA,3
4,17,18,NA,1
4,10,240,NA,3
6,17,5.33,NA,1
4,21,12.03,9999999997,5
6,17,10,NA,1
6,10,108,NA,3
6,10,212,NA,5
6,25,12.03,NA,5
6,17,46,NA,1
7,10,68,NA,3
6,13,41,NA,5
7,13,0.33,NA,5
7,16,6,439147,6
6,17,30,NA,1
5,7,NA,NA,6
3,16,0.03,71450,3
4,13,37,NA,3
5,17,30,NA,1
3,17,2.63,NA,1
3,4,41,NA,3
3,10,300,NA,1
4,3,NA,NA,3
6,17,0.03,NA,1
3,13,NA,NA,3
6,1,NA,NA,1
2,23,NA,NA,1
4,10,60,NA,5
5,13,66,NA,3
7,17,NA,NA,1
5,4,24,NA,5
6,10,228,NA,3
3,13,180,NA,3
2,26,90,160000,1
5,13,51,NA,3
5,17,11,NA,1
6,17,18,NA,1
7,17,2.79,NA,NA
4,26,46,105,5
3,13,18,NA,5
6,13,71,NA,3
7,10,48,NA,3
4,13,72,NA,1
2,17,6,NA,5
4,10,48,NA,3
4,27,120,NA,5
3,17,NA,NA,1
4,10,120,NA,1
5,13,70,NA,1
6,16,24,256198,6
7,16,48,632502,3
4,17,12.03,NA,5
6,10,124,NA,3
2,13,72,NA,3
5,16,18,109900,5
6,10,25,NA,3
3,10,30.26,NA,1
5,4,NA,NA,3
5,17,1.71,NA,NA
3,19,168,NA,1
7,17,NA,NA,1
3,17,15,NA,1
2,10,151,NA,3
2,17,NA,NA,3
6,17,9,NA,3
4,17,4,NA,1
4,10,18,NA,3
3,25,12,NA,1
2,17,10,NA,1
7,10,180,NA,3
5,17,6.23,NA,1
4,17,37,NA,1
4,10,60,NA,1
2,17,6,NA,3
6,16,NA,0,3
3,17,12.03,NA,1
2,17,7,NA,1
6,17,3.29,NA,1
2,17,8,NA,1
5,13,24,NA,5
7,16,24,265333,1
2,17,2.82,NA,NA
4,17,10,NA,1
5,17,3.25,NA,1
5,17,5.95,NA,1
4,17,0.03,NA,NA
4,17,4,NA,1
5,27,108,NA,1
6,13,65,NA,1
4,16,24,2771150,6
7,10,51,NA,6
4,16,9.92,20931,3
3,10,30,NA,5
3,13,28,NA,3
5,10,150,NA,3
5,17,8,NA,1
1,17,4.72,NA,1
3,16,NA,269216,5
4,10,84,NA,3
6,10,150,NA,5
4,10,34,NA,5
5,17,10,NA,1
4,17,5.2,NA,1
4,10,30,NA,3
4,13,12.03,NA,1
5,17,0.03,NA,3
3,17,0.03,NA,NA
4,17,27,NA,3
2,26,84,3781,1
2,17,8,NA,5
6,21,12.03,NA,5
6,27,60,NA,6
7,13,120,NA,3
5,13,2,NA,3
4,10,60,NA,1
6,10,84,NA,1
5,16,18,13953,1
5,13,60,NA,1
7,27,120,NA,3
3,13,96,NA,1
3,10,0.03,NA,3
3,30,NA,NA,NA
4,17,5,NA,5
4,10,27,NA,1
6,10,30,NA,1
3,10,66,NA,1
6,10,63,NA,3
6,17,24,NA,1
5,10,132,NA,5
6,10,94,NA,3
5,13,48,NA,3
4,10,6,NA,1
6,22,360,NA,1
2,10,60.03,NA,1
7,7,52,NA,3
5,7,41,NA,5
3,26,96,9999999997,3
3,13,27,NA,3
5,17,3.23,NA,1
5,30,0.03,NA,3
5,16,30,735600,6
4,10,78,NA,1
7,17,1.23,NA,1
2,10,60,NA,1
5,17,2.56,NA,1
6,17,2.39,NA,1
4,17,4.26,NA,1
7,16,NA,159637716,6
4,21,37,837974,6
3,17,5.13,NA,NA
1,17,6,NA,1
4,17,2.39,NA,1
4,17,27,NA,1
2,1,42,NA,5
2,16,NA,186210,3
3,10,18,NA,3
6,10,130,NA,1
6,10,469.99,NA,1
6,10,240,NA,1
2,11,4.99,9999999997,5
4,10,60,NA,3
7,16,6,3293707,5
7,16,1,170995,5
1,10,48,NA,1
6,21,38,1000000,5
3,10,84,NA,1
2,16,24,330000,1
3,17,0.03,NA,1
4,10,120,NA,5
5,16,15,989018,5
2,16,24,530000,1
4,13,0.03,NA,1
5,17,21,NA,3
3,16,NA,NA,NA
4,17,12.03,NA,1
6,17,24,NA,1
6,10,148,NA,3
3,10,96,NA,3
4,10,136,NA,1
4,16,6,487500,3
6,30,NA,NA,NA
3,10,96,NA,5
7,17,15,NA,3
3,10,97,NA,3
4,17,5.3,NA,1
7,16,3,203137,6
3,10,78,NA,3
2,17,12.03,NA,1
3,4,0.39,NA,NA
6,10,188,NA,1
2,13,37,NA,3
6,10,168,NA,1
1,16,9,0,1
7,17,5.42,NA,1
3,30,6,NA,1
5,10,51,NA,1
5,10,150,NA,5
5,17,18,NA,1
3,17,5.81,NA,1
6,16,NA,NA,NA
4,30,NA,NA,NA
2,10,46,NA,3
5,17,15,NA,1
2,17,NA,NA,3
2,17,15,NA,1
2,17,6,NA,1
7,16,2.96,NA,NA
3,27,469.99,NA,3
3,17,12,NA,3
3,27,469.99,NA,5
6,10,60,NA,5
3,17,5.03,NA,1
5,27,469.99,NA,3
6,17,24,NA,1
4,10,30,NA,1
3,13,12,NA,1
3,17,24,NA,1
1,10,60,NA,3
5,17,15,NA,1
5,13,37,NA,5
3,10,44,NA,3
4,10,130,NA,5
3,13,12.03,NA,3
5,10,78,NA,5
4,10,108,NA,3
6,10,180,NA,3
7,17,3.09,NA,1
6,21,252,NA,3
5,21,78,1000495,3
4,10,120,NA,5
3,10,NA,NA,5
4,10,50,NA,3
6,25,0.03,NA,NA
7,21,276,NA,5
6,10,12.03,NA,1
6,10,180,NA,3
4,10,0.39,NA,5
5,10,78,NA,3
7,27,120,NA,5
7,10,NA,NA,6
7,21,0.03,NA,5
5,13,44.3,NA,5
4,10,46,NA,3
4,10,97,NA,3
4,13,292,1100,3
2,21,120,NA,3
3,16,57,113762,3
6,27,151,NA,5
3,10,72,NA,5
3,10,0.03,NA,3
6,16,NA,9999999997,5
1,17,4.63,NA,1
3,22,470,NA,1
5,17,5.81,NA,1
5,21,24,9999999997,6
5,27,72,NA,3
4,26,262,7595,3
5,15,22,23737,3
6,10,78,NA,1
6,10,92,NA,5
5,16,15,29654,5
5,5,NA,9999999997,3
5,24,24,NA,1
6,10,180,NA,5
7,10,60,NA,3
1,10,18,NA,3
4,10,134,NA,1
6,21,24,9999999997,3
2,17,NA,NA,3
4,17,9,NA,1
5,10,87,NA,1
2,17,5.76,NA,1
4,22,312,NA,1
3,17,4,NA,5
4,17,12.03,NA,1
6,10,108,NA,3
7,7,120,NA,3
4,10,37,NA,1
7,16,32,45140,3
7,7,469.99,NA,3
7,27,470,NA,6
5,10,50,NA,1
4,24,37,NA,3
5,17,6.13,NA,1
4,10,0.03,NA,3
5,29,NA,28863,6
6,27,300,NA,5
3,28,NA,NA,5
5,10,108,NA,5
2,17,4,NA,3
7,16,18,6738290,6
7,17,NA,NA,1
5,9,0.89,NA,3
3,7,200,NA,1
6,10,60,NA,3
3,10,62,NA,3
6,13,57,NA,5
2,17,12.03,NA,1
6,10,200,NA,5
4,13,9,NA,5
5,16,NA,505960,5
4,13,32,NA,3
4,10,50,NA,3
4,10,60,NA,5
7,10,108,NA,5
5,27,470,NA,3
7,10,0.03,NA,3
6,10,142,NA,3
3,4,150,NA,3
2,13,60,NA,5
3,7,188,NA,1
5,13,137,NA,1
5,13,60,NA,3
2,27,470,NA,5
4,10,168,NA,3
2,30,NA,NA,NA
7,24,75,NA,3
4,22,384,NA,1
6,1,6,NA,5
7,22,72,NA,6
3,30,NA,NA,NA
3,13,92,NA,1
6,17,5.1,NA,1
6,10,84,NA,1
2,17,12.03,NA,1
4,17,8.95,NA,1
6,16,65,993302,3
7,27,70,NA,6
5,10,96,NA,3
6,7,60,0,5
5,13,21.33,NA,3
6,17,12,NA,1
4,6,NA,9999999997,5
2,10,18,NA,3
6,17,5.33,NA,3
5,17,14,NA,3
4,10,46,NA,5
5,13,45,NA,1
5,17,0.03,NA,1
6,13,21,NA,3
4,17,12,NA,1
7,17,10,NA,1
6,10,204,NA,3
4,16,NA,9999999997,NA
6,10,9,NA,5
3,13,52,NA,1
6,17,13,NA,1
4,16,6,9999999997,3
3,10,262,NA,3
7,16,NA,22500,5
7,16,12,509600,3
4,10,77,NA,3
6,17,4.66,NA,1
2,10,57,NA,3
5,17,15,NA,1
3,17,5.59,NA,3
4,17,0.03,NA,1
2,13,19.82,NA,3
6,10,0.03,NA,5
7,10,120,NA,1
6,13,27,NA,1
1,13,30,NA,1
4,17,13,NA,3
5,17,18,NA,1
7,10,21,NA,6
5,13,51,NA,3
7,10,144,NA,3
6,10,120,NA,3
7,17,6,NA,1
6,17,13,NA,1
6,17,20,NA,1
6,17,12.59,NA,1
5,17,6.93,NA,1
6,10,0.03,NA,3
5,17,24,NA,1
2,10,12.03,NA,1
4,17,6.44,NA,1
3,13,96,NA,1
3,13,36,NA,3
2,28,30,NA,3
7,17,16,NA,1
2,7,60,NA,5
3,21,26,NA,6
6,16,NA,0,6
6,10,216,NA,1
3,10,120,NA,5
4,10,90,NA,1
6,17,6.92,NA,3
7,10,135,NA,5
4,13,NA,NA,1
6,7,60,NA,5
4,27,360,NA,3
2,16,3,NA,NA
4,26,120,5628,1
6,10,85,NA,3
4,17,21,NA,1
4,27,84,NA,3
1,10,100,NA,1
1,13,21,NA,3
7,17,2.79,NA,1
7,16,NA,449177,5
5,13,27,NA,3
3,10,50,NA,1
3,10,200,NA,1
5,17,8,NA,1
4,17,5.03,NA,1
2,10,60,NA,3
5,17,12.03,NA,1
4,10,300,NA,3
4,10,18,NA,5
4,16,41,51822,3
5,16,87,318727,1
4,10,27,NA,1
6,10,60,NA,3
7,8,60,NA,5
6,17,5.76,NA,NA
3,10,3.2,NA,3
6,10,68,NA,1
2,26,97,0,3
7,16,0.03,60286,5
6,13,46,NA,3
3,10,12.92,NA,1
3,17,1.89,NA,NA
4,10,240,NA,3
6,10,128,NA,5
3,13,72,NA,1
4,4,NA,NA,5
6,10,70,NA,5
1,13,9,NA,3
6,10,135,NA,3
5,17,6,NA,1
6,27,180,NA,6
5,17,0.03,NA,NA
6,13,15,NA,3
5,16,NA,5240311,5
6,10,132,NA,1
2,13,87,NA,1
6,17,4.99,NA,1
5,17,8,NA,1
2,13,18,NA,1
7,13,12.03,NA,1
3,7,168,NA,3
5,10,262,NA,5
7,10,8.95,NA,5
4,10,30,NA,NA
3,28,30,NA,6
5,10,18,NA,5
3,16,NA,38460,3
3,13,NA,NA,1
3,13,24,NA,1
4,13,120,NA,1
3,4,51.82,NA,1
7,7,120,NA,5
5,17,0.03,NA,NA
2,7,0.03,NA,5
5,1,48,NA,3
5,13,26,NA,5
2,13,NA,NA,3
4,17,78,NA,1
6,13,100,NA,1
6,10,96,NA,5
6,17,10,NA,1
7,16,NA,9999999997,5
6,10,63,NA,3
4,10,96,NA,1
5,29,NA,47073,3
3,10,180,NA,5
7,26,160,63,5
3,10,160,NA,3
6,10,144,NA,3
3,13,60,NA,3
4,10,396,NA,5
7,10,24,NA,3
5,10,60,NA,6
6,16,21,57719,3
4,16,36,354400,3
6,17,6.83,NA,1
7,27,240,NA,1
4,10,120,NA,1
3,13,43,NA,1
3,13,NA,NA,5
4,13,30,NA,5
7,4,34,NA,3
5,16,NA,9999999997,5
4,10,0.03,NA,1
4,17,6.16,NA,1
5,10,240,NA,1
7,4,60,NA,5
3,10,83,NA,5
6,10,120,NA,3
6,16,NA,40361,5
3,10,8,NA,3
6,7,195,0,6
6,7,240,NA,3
6,24,37,NA,1
7,16,84,4287143,5
5,10,84,NA,5
3,16,120,766249,1
2,10,70,NA,3
5,10,151,NA,1
7,10,30,NA,5
3,17,7,NA,1
7,17,14,NA,1
6,17,14,NA,3
6,17,9,NA,1
5,17,3.65,NA,1
5,17,18,NA,1
3,13,24,NA,3
5,10,188,NA,1
4,10,120,NA,3
6,17,16,NA,NA
6,17,8,NA,1
3,16,36,9999999997,5
7,16,24,95697,5
3,13,84,NA,3
5,25,4,NA,3
6,10,72,NA,6
4,10,60,NA,3
5,10,178,NA,3
5,10,92,NA,3
4,30,6.01,NA,6
1,17,7.99,NA,3
4,13,36,NA,3
4,13,21,NA,3
5,17,10,NA,1
3,10,24,NA,5
3,30,NA,NA,NA
3,17,30,NA,1
4,17,1.26,NA,1
6,10,120,NA,3
5,16,54,398126,3
4,17,1.82,NA,1
6,10,192,NA,3
5,13,NA,NA,3
6,17,18,NA,1
4,27,216,NA,1
5,17,10,NA,1
6,10,40,NA,1
5,10,60,NA,5
6,10,96,NA,1
6,17,5.23,NA,1
7,17,12.03,NA,3
4,16,30,438605,3
4,10,41,NA,1
7,16,0.03,43965,6
4,10,156,NA,3
3,10,0.03,NA,3
7,17,6,NA,1
3,13,20,NA,1
5,17,6,NA,1
NA,23,NA,NA,NA
3,17,0.36,NA,1
3,10,84,NA,1
6,10,84,NA,3
6,10,4.76,NA,1
5,11,NA,2332,3
3,10,36,NA,5
5,27,168,NA,5
2,17,NA,NA,1
2,13,43,NA,3
5,13,60,NA,1
6,17,2.56,NA,1
3,17,7,NA,1
2,10,60,NA,1
2,10,37,NA,3
2,17,6.1,NA,1
6,27,292,NA,5
3,7,96,NA,1
4,17,27,NA,5
6,17,0.03,NA,1
5,17,1.07,NA,NA
4,17,4.1,NA,5
6,17,6,NA,1
7,18,324,NA,3
6,17,24,NA,1
4,10,60,NA,1
4,17,10,NA,1
6,27,390,NA,3
6,17,21,NA,1
4,17,0.46,NA,1
4,13,57,NA,3
5,13,57,NA,5
7,18,144,NA,3
4,10,72,NA,5
6,13,34,NA,1
6,13,30,NA,5
3,17,8,NA,1
7,7,36,0,6
6,17,5.53,NA,1
3,16,NA,9999999997,5
5,1,7,NA,3
3,17,12.03,NA,1
4,10,120,NA,3
5,17,5.53,NA,1
4,17,46,NA,3
7,17,37,NA,3
4,17,2.92,NA,1
6,17,NA,NA,3
7,26,71,8815,3
6,13,120,NA,3
7,10,84,NA,3
6,10,220,NA,3
6,1,8,NA,5
4,10,46,NA,5
3,13,110,NA,1
2,17,3.71,NA,1
4,10,32,NA,3
3,28,37,NA,3
6,17,3.65,NA,1
1,17,4,NA,1
6,10,46,402799,3
6,13,25.95,NA,1
4,16,12.03,129194,3
6,10,130,NA,1
2,17,NA,NA,1
4,16,NA,3000,6
7,17,6,NA,1
4,13,72,NA,3
3,17,24,NA,1
3,17,12.03,NA,1
3,17,3.25,NA,3
3,10,63,NA,3
5,13,24,NA,1
6,17,3.55,NA,1
6,17,8,NA,1
4,16,0.03,9999999997,3
6,17,4.4,NA,1
3,17,1.35,NA,NA
6,17,21,NA,1
4,10,0.03,NA,1
1,17,NA,NA,1
4,21,46,NA,3
6,29,NA,358726,6
4,10,5.68,NA,3
7,16,NA,22023,3
6,16,0.03,25,5
2,13,36,NA,1
3,9,NA,NA,3
3,13,114,NA,1
3,16,1.97,NA,NA
6,17,0.03,NA,NA
3,16,12.03,34192,1
3,13,36,NA,3
3,10,70,NA,3
4,17,NA,NA,1
6,13,70,NA,3
6,17,9,NA,1
7,13,12.03,NA,5
1,26,75,9999999997,3
2,13,34,NA,1
2,10,72,NA,3
3,17,4.17,NA,1
7,16,12.03,9999999997,1
4,1,18,NA,3
7,10,0.03,NA,3
3,10,110,NA,5
5,17,12.03,NA,1
5,13,51,NA,3
6,17,3.55,NA,1
6,17,40,NA,1
4,13,108,NA,5
3,17,10,NA,1
6,17,10,NA,1
5,17,27,NA,5
4,17,3.78,NA,1
4,10,120,NA,1
2,13,25.03,NA,1
4,10,90,NA,5
5,10,60,NA,3
6,17,5.95,NA,3
6,17,3.58,NA,1
5,10,65,NA,6
4,17,24,NA,NA
6,27,420,NA,3
6,1,9.82,NA,6
7,27,151,NA,5
4,13,11.26,NA,1
5,10,0.03,NA,3
4,13,146,NA,1
6,10,200,NA,3
5,10,40,NA,1
6,12,84,NA,6
6,16,NA,85193,3
6,16,NA,NA,NA
5,16,72,9999999997,5
4,17,12.03,NA,1
5,10,50,NA,3
3,13,78,NA,3
2,13,0.03,NA,1
5,16,36,926486,1
5,16,6,9999999997,5
3,17,5.56,NA,1
5,27,360,NA,5
7,25,30,NA,3
4,27,168,NA,6
2,10,NA,NA,6
5,16,NA,NA,NA
4,17,12.03,NA,1
4,13,49,NA,3
6,17,NA,NA,3
2,13,53,NA,3
4,17,1.85,NA,1
3,10,87,NA,1
6,10,140,NA,1
2,17,10,NA,3
4,28,36,NA,1
4,26,327,9999999997,3
4,17,33,NA,1
6,10,18,NA,3
6,16,4,195900,3
2,10,36,NA,1
6,18,NA,NA,1
2,7,42,NA,5
4,10,25,NA,1
5,10,84,NA,5
6,16,NA,358387,6
4,13,27,NA,1
3,10,27,NA,1
1,13,60,NA,3
5,10,120,NA,3
3,10,21,NA,1
7,10,77,NA,3
7,16,102,800571,5
2,17,12.03,NA,3
3,10,121,NA,3
6,10,46,NA,1
2,17,40,NA,1
7,29,24,3696786,5
5,10,240,NA,3
6,10,12,NA,3
7,12,NA,4607025,6
4,10,0.03,NA,5
3,22,120,NA,3
2,10,151,NA,1
3,26,111,18836,5
4,10,84,NA,5
5,8,NA,NA,3
4,13,57,NA,1
2,8,NA,NA,5
3,7,84,NA,5
2,13,33,NA,1
4,10,63,NA,3
4,17,0.03,NA,NA
7,10,84,NA,3
4,5,NA,9155,5
6,22,60,NA,3
4,8,NA,NA,1
4,17,15,NA,1
7,29,NA,374311,6
6,29,48,3443408,5
7,10,30,NA,1
7,27,420,NA,6
6,13,52,NA,1
6,10,48,NA,3
4,10,18,NA,1
7,10,51,NA,1
3,17,NA,NA,1
1,10,18,NA,5
6,17,30,NA,3
6,27,210,NA,5
4,10,30,NA,3
5,10,60,NA,3
2,13,15,NA,3
3,10,36,NA,3
5,17,NA,NA,5
6,17,0.03,NA,1
6,17,3.92,NA,3
3,10,63,NA,3
5,10,84,NA,3
2,17,0.03,NA,1
4,10,63,NA,5
7,26,151,1065,3
3,10,81,NA,1
3,10,30,NA,5
7,10,96,NA,3
7,10,120,NA,1
6,29,8,330579,6
5,17,2.49,NA,1
6,10,70,NA,1
3,26,234,800,3
4,13,18,NA,3
4,17,12,NA,1
6,10,150,NA,3
6,17,10,NA,1
4,13,60,NA,3
6,29,28,351196,5
4,17,24,NA,3
3,10,87,NA,3
5,13,60,NA,3
4,10,120,NA,5
5,13,84,NA,1
4,10,0.03,NA,5
6,13,30,NA,3
4,17,0.03,NA,NA
6,17,24,NA,1
1,17,NA,NA,1
6,16,18,3021431,6
3,13,42,NA,3
3,17,12.03,NA,1
6,13,NA,NA,6
7,16,24,6610176,5
3,26,100,9999999997,3
6,17,4.99,NA,1
2,10,98,NA,5
2,17,20,NA,1
6,17,18,NA,1
5,12,23.92,NA,3
3,17,0.03,NA,NA
6,17,39,NA,1
6,17,3.66,NA,1
2,13,NA,NA,3
5,29,6,939476,1
6,17,63,NA,3
4,10,60,NA,1
5,10,204,NA,3
4,5,0.03,9999999997,6
6,10,144,NA,3
3,13,42,NA,1
4,21,70,21694205,3
3,4,120,NA,3
4,13,15,NA,3
3,13,97,NA,1
5,17,24,NA,1
3,10,120,NA,1
7,16,NA,529720,5
6,10,39.49,NA,5
6,21,63,21694205,5
4,10,84,NA,3
2,17,24,NA,1
5,17,4.85,NA,1
3,17,6.53,NA,1
2,10,24,NA,3
3,17,30,NA,1
4,26,78,2000,3
4,13,48,NA,3
3,17,5.13,NA,3
6,10,36,NA,3
6,16,NA,0,6
6,18,3.1,NA,6
6,10,90,NA,6
7,7,60,NA,6
4,13,37,NA,1
7,17,0.03,NA,3
2,10,135,NA,3
4,13,35,NA,3
7,10,72,NA,3
5,10,144,NA,1
1,13,57,NA,1
3,1,37,NA,5
6,17,0.03,NA,3
4,13,42,NA,1
7,29,1.97,1210726,5
5,17,NA,NA,3
6,17,8,NA,1
6,17,24,NA,1
2,26,144,9999999997,1
4,21,30,NA,3
3,13,19.85,NA,5
2,7,72,NA,5
7,10,48,NA,5
6,17,21,NA,5
3,13,12.39,NA,1
4,13,40,NA,3
4,27,120,NA,5
6,16,24,9999999997,5
7,24,6.76,NA,1
6,28,NA,NA,6
1,10,46,NA,3
6,10,10,NA,3
3,17,9.23,NA,NA
4,10,84,NA,3
4,17,2.43,NA,3
7,10,60,NA,6
2,10,14,NA,1
6,10,18,NA,1
3,10,63,NA,5
5,17,3,NA,NA
5,10,13.03,NA,5
2,13,12.03,NA,1
5,17,24,NA,1
3,17,23,NA,1
6,17,6,NA,1
6,13,180,NA,3
4,17,NA,NA,1
3,10,24,NA,1
5,17,0.03,NA,NA
4,16,1.12,NA,NA
5,10,NA,NA,6
3,10,84,NA,3
7,27,188,NA,3
7,17,2.66,NA,NA
2,4,70,NA,1
5,10,120,NA,1
3,10,30,NA,1
5,13,24,NA,1
2,10,18,NA,1
6,16,48,64284,5
4,16,45,376000,5
4,26,124,9999999997,3
4,13,0.03,NA,3
7,17,14,NA,3
5,17,15,NA,1
5,17,1.18,NA,NA
3,19,90,NA,3
3,13,60,NA,1
6,16,57,9999999997,3
4,13,70,NA,1
2,10,42,NA,3
6,25,12,NA,3
1,10,18,NA,1
3,21,0.03,9999999997,1
6,17,1.62,NA,NA
5,17,12.03,NA,1
2,17,0.03,NA,NA
4,10,225,NA,3
5,22,470,NA,1
2,26,90,9999999997,1
2,10,46,NA,3
4,17,24,NA,1
1,17,26,NA,3
5,10,70,NA,1
6,17,18,NA,1
5,10,32,NA,5
4,10,322,NA,3
6,13,6,NA,3
3,17,12.03,NA,1
7,30,4,NA,6
7,11,NA,10000,3
5,10,96,NA,1
3,27,200,NA,5
4,17,0.03,NA,1
4,13,18,NA,1
6,17,3.15,NA,1
5,10,204,NA,3
6,10,120,NA,3
3,27,72,NA,3
2,10,8,NA,3
4,17,2.3,NA,NA
4,17,5,NA,1
1,17,NA,NA,3
4,13,51,NA,1
5,17,12.03,NA,5
6,17,22,NA,1
5,17,0.03,NA,1
7,13,12.03,NA,3
3,17,5.33,NA,1
4,13,0.03,NA,3
6,17,6.64,NA,1
4,13,NA,NA,5
5,10,78,NA,1
1,17,NA,NA,5
4,17,27,NA,1
7,10,72,NA,1
2,10,36,NA,5
6,13,24,NA,3
2,17,0.03,NA,1
7,16,27,134900,6
7,10,36,NA,3
3,17,3,NA,NA
5,17,18,NA,3
3,17,12.03,NA,1
4,17,12.03,NA,1
6,17,15,NA,1
6,17,8,NA,1
4,10,292,NA,1
3,10,37,NA,1
4,10,135,NA,5
4,10,12.03,NA,3
3,13,60,NA,3
7,22,470,NA,1
2,13,15,NA,3
3,10,93,NA,3
7,21,NA,NA,5
3,10,120,NA,3
4,10,60,NA,1
3,13,84,NA,3
5,17,0.03,NA,3
3,13,63,NA,3
7,12,NA,2974105,1
4,13,57,NA,3
5,1,0.03,NA,NA
6,17,18,NA,1
3,21,57,9999999997,5
7,16,31,1423385,6
4,16,NA,NA,NA
6,10,90,NA,3
6,10,83,NA,3
1,30,0.16,NA,NA
6,10,210,NA,1
5,7,120,NA,3
6,10,24,NA,3
4,17,50,NA,1
6,13,66,NA,1
2,30,NA,NA,NA
4,13,10.36,NA,3
3,13,48,NA,3
2,10,142,NA,3
1,30,0.16,NA,NA
4,13,76,NA,5
5,10,60.03,NA,3
6,10,72,NA,3
4,13,120,NA,1
4,13,144,NA,3
1,30,0.16,NA,NA
6,17,NA,NA,NA
4,13,108,NA,3
4,10,63,NA,3
5,10,108,NA,1
6,22,470,NA,1
5,23,240,NA,5
6,10,126,NA,1
6,17,6,NA,1
2,13,NA,NA,5
3,13,204,NA,3
6,16,31,9999999997,1
5,10,210,NA,1
4,10,35,NA,1
6,16,29,2630581,6
6,17,30,NA,1
3,26,204,260,3
1,17,30,NA,1
7,29,27,1124620,6
5,16,58,1773076,3
4,13,48,NA,1
5,17,6,NA,1
5,10,70,NA,1
6,17,64,NA,5
5,16,48,1744338,5
5,10,180,NA,3
4,10,87,NA,3
3,10,120,NA,1
7,16,4,137000,6
3,13,NA,NA,1
3,13,24,NA,3
3,16,132,2359029,6
6,14,NA,NA,3
4,10,0.03,NA,3
4,10,30,NA,3
2,16,24,253406,1
1,13,18,NA,5
3,16,NA,36278,1
5,10,0.03,NA,5
5,13,87,NA,5
6,13,85,NA,3
7,16,4,9999999997,1
7,13,37,NA,3
6,21,78,NA,3
7,13,96,NA,3
6,10,108,NA,1
6,13,24,NA,5
5,17,0.03,NA,NA
5,10,24.43,NA,3
3,10,188,NA,3
4,26,84,0,1
2,13,37,NA,1
3,10,44,NA,3
6,10,60,NA,1
7,26,87,9999999997,3
6,10,69,NA,3
3,4,11.95,NA,NA
3,10,185,NA,3
3,16,21,235908,5
3,17,10,NA,6
6,13,60,NA,5
4,10,60,NA,5
2,13,55,NA,1
7,13,45,NA,5
6,17,1.82,NA,6
3,17,0.13,NA,5
4,7,180,NA,3
2,13,12.03,NA,3
6,10,60,NA,1
7,29,0.99,275504,6
3,1,27,NA,3
3,10,72,NA,3
4,5,0.03,342424,5
2,10,37,NA,3
6,21,80,NA,6
5,13,33,NA,5
4,10,12.03,NA,5
4,13,60,NA,3
2,17,2.99,NA,1
2,17,10,NA,1
2,10,36,NA,1
5,17,2.69,NA,1
4,17,5.26,NA,5
7,17,6,NA,3
7,10,12.03,NA,5
4,27,120,NA,1
1,17,0.03,NA,5
5,17,5.46,NA,3
2,10,120,9174,1
3,17,2.13,NA,1
3,17,2.92,NA,1
6,17,3.16,NA,1
5,10,63,NA,3
7,17,6,NA,1
6,27,469.99,NA,3
5,17,2.79,NA,1
7,16,NA,595,3
3,4,120,NA,1
5,10,14,NA,3
4,17,10,NA,1
3,13,101,NA,5
5,10,192,NA,3
7,10,190,NA,3
5,17,13,NA,NA
7,30,NA,NA,NA
6,10,60,NA,3
2,4,57,NA,1
2,10,90,NA,5
6,16,2.16,9999999997,NA
5,17,12.03,NA,1
2,10,38,NA,3
7,10,120,NA,3
6,13,84,NA,1
3,10,84,NA,1
7,24,18,NA,1
2,13,40,NA,3
6,10,216,NA,3
7,13,37,NA,5
4,10,42,NA,3
7,17,8,NA,1
7,28,14,NA,6
4,10,192,NA,3
7,17,21,NA,3
5,10,15,NA,1
6,16,84,2266209,6
6,10,30,NA,1
6,13,46,NA,1
6,10,240,NA,3
6,10,190,NA,5
6,10,168,NA,3
6,26,115,600,1
3,10,210,NA,1
3,13,60,NA,1
7,29,NA,497035,6
3,10,240,NA,1
3,17,24,NA,1
6,16,75,159263,3
2,16,24.03,51929,5
3,17,3.82,NA,1
3,13,96,NA,3
5,10,121,NA,3
2,10,60,NA,5
5,30,180,NA,1
4,17,12.03,NA,1
4,16,10,66824,5
3,13,41,NA,5
6,17,13.03,NA,1
4,17,2.85,NA,1
5,13,46,NA,1
4,10,23.69,NA,1
6,10,70,NA,1
7,10,240,NA,1
5,10,70,NA,5
6,22,149,NA,6
6,10,98,NA,3
6,17,15,NA,5
5,17,12.03,NA,3
3,13,18,NA,3
3,4,120,NA,3
4,17,6,NA,1
5,10,60,NA,1
5,17,16,NA,1
3,17,4.82,NA,1
4,10,12,NA,1
6,10,120,NA,3
3,16,30,1500,3
4,17,12.03,NA,1
3,13,12.03,NA,1
5,13,27,NA,1
5,10,120,NA,3
5,29,NA,175049,6
4,17,5.66,NA,1
6,17,18,NA,1
4,17,30,NA,1
6,17,37,NA,3
4,16,5.99,67200,1
4,17,6.82,NA,1
2,17,6.49,NA,5
4,27,60,NA,6
4,17,4.16,NA,1
6,10,24,NA,1
7,21,NA,NA,5
6,17,4.93,NA,1
6,17,12.03,NA,5
2,10,0.33,NA,1
7,6,NA,9999999997,5
7,17,2.36,NA,3
2,1,5.26,NA,3
5,16,5,5050,3
6,29,NA,9999999997,5
2,1,12,NA,NA
2,23,42,NA,3
7,10,54,NA,6
4,13,6.85,NA,3
5,17,4.03,NA,1
6,17,18,NA,1
7,17,12,NA,3
4,7,60,NA,1
5,17,12.03,NA,1
3,17,4.66,NA,5
5,13,70,NA,3
7,5,24,303895,6
7,10,55,NA,5
4,10,17.72,NA,1
2,13,33,NA,1
4,17,NA,NA,5
6,13,57,NA,1
3,13,110,NA,3
7,16,NA,70196,5
2,27,97,NA,1
3,13,25,NA,3
3,13,100,NA,1
2,17,0.03,NA,1
4,17,18,NA,1
6,10,121,NA,1
5,17,NA,NA,1
2,28,42,NA,6
2,7,97,NA,5
6,27,180,NA,5
7,17,NA,NA,1
7,16,NA,9999999997,6
5,10,105,NA,5
4,17,NA,NA,1
6,13,78,NA,3
7,10,120,NA,5
6,26,60,8021,5
5,19,372,NA,1
4,16,NA,66114,6
6,21,27,3800000,6
5,10,300,NA,1
6,10,58,NA,5
2,16,9,49769,3
5,10,24,NA,5
4,10,0.03,NA,5
6,10,84,NA,3
5,10,40,NA,3
5,17,6,NA,1
7,16,0.03,127100,6
5,13,33,NA,1
3,13,12.03,NA,1
6,13,57,NA,5
5,7,240,NA,3
6,17,0.03,NA,NA
3,13,120,NA,5
4,10,144,NA,3
7,10,120,NA,3
5,10,132,NA,1
3,7,30,NA,3
5,17,4.43,NA,1
5,10,48,NA,3
5,10,240,NA,3
7,7,260,NA,5
2,7,84,NA,5
6,13,90,NA,3
5,10,98,NA,5
4,1,6,NA,3
3,21,1.97,NA,6
1,17,4.72,NA,1
4,17,24,NA,1
5,17,0.33,NA,1
5,10,300,NA,3
3,21,0.99,NA,5
6,29,NA,92093,3
5,13,96,NA,3
3,10,36,NA,1
4,16,NA,9999999997,5
6,16,NA,121677,1
5,10,235,NA,3
